,RMSE,Squared-Bias,Variance
fa(X),0.29354,0.15385,0.00000
ga(X)-lin,0.09818,0.00295,0.00851
ba(X)-lin,0.09550,0.00269,0.00842
ha(X)-lin,0.09464,0.00187,0.00918
ga(X)-poly,0.18683,0.00218,0.06727
ba(X)-poly,0.18690,0.00220,0.06735
ha(X)-poly,0.26418,0.00228,0.17326
