,RMSE,Squared-Bias,Variance
fa(X),0.22922,0.08847,0.00000
ga(X)-lin,0.21274,0.05703,0.01282
ba(X)-lin,0.14016,0.01747,0.00891
ha(X)-lin,0.12093,0.00843,0.00989
ga(X)-poly,0.18722,0.00218,0.05172
ba(X)-poly,0.15807,0.00098,0.03413
ha(X)-poly,0.16772,0.00140,0.04008
