,RMSE,Squared-Bias,Variance
fa(X),0.32803,0.22237,0.00000
ga(X)-lin,0.11517,0.00444,0.01123
ba(X)-lin,0.10955,0.00440,0.01108
ha(X)-lin,0.11040,0.00271,0.01279
ga(X)-poly,0.20995,0.00486,0.13072
ba(X)-poly,0.20982,0.00487,0.13062
ha(X)-poly,0.48375,0.01895,1.87000
