,RMSE,Squared-Bias,Variance
fa(X),0.19531,0.07635,0.00000
ga(X)-lin,0.09929,0.00321,0.00869
ba(X)-lin,0.10601,0.00997,0.00842
ha(X)-lin,0.09316,0.00195,0.00872
ga(X)-poly,0.15139,0.00162,0.04205
ba(X)-poly,0.15078,0.00160,0.04135
ha(X)-poly,0.19855,0.00414,0.06382
