,RMSE,Squared-Bias,Variance
fa(X),0.36015,0.20864,0.00000
ga(X)-lin,0.24589,0.05656,0.02792
ba(X)-lin,0.18965,0.03108,0.02514
ha(X)-lin,0.15987,0.00692,0.02651
ga(X)-poly,0.25563,0.00316,0.10757
ba(X)-poly,0.28001,0.00228,0.16324
ha(X)-poly,0.28778,0.00291,0.18863
