,RMSE,Squared-Bias,Variance
fa(X),0.46506,0.38115,0.00000
ga(X)-lin,0.23847,0.04997,0.02676
ba(X)-lin,0.17457,0.01435,0.02322
ha(X)-lin,0.16226,0.00839,0.02566
ga(X)-poly,0.38422,0.01108,0.31326
ba(X)-poly,0.35389,0.00750,0.28257
ha(X)-poly,0.36586,0.01280,0.31252
