,RMSE,Squared-Bias,Variance
fa(X),0.29354,0.16818,0.00000
ga(X)-lin,0.11589,0.00518,0.01089
ba(X)-lin,0.12754,0.01026,0.01101
ha(X)-lin,0.11281,0.00394,0.01204
ga(X)-poly,0.29641,0.01091,0.29658
ba(X)-poly,0.29641,0.01085,0.29580
ha(X)-poly,0.30504,0.00907,0.18338
