,RMSE,Squared-Bias,Variance
fa(X),0.17773,0.04918,0.00000
ga(X)-lin,0.21314,0.05345,0.01297
ba(X)-lin,0.14006,0.01888,0.01015
ha(X)-lin,0.11758,0.00656,0.01116
ga(X)-poly,0.33733,0.00952,0.39763
ba(X)-poly,0.27966,0.00605,0.33314
ha(X)-poly,0.28134,0.00195,0.18737
